model,bin,bin_lower,bin_upper,rows,mean_predicted_probability,observed_positive_rate,calibration_gap,absolute_calibration_gap,expected_calibration_error,max_calibration_error,brier_score,log_loss
majority_class,0,0.0,0.1,1409,0.0,0.2654364797728886,0.2654364797728886,0.2654364797728886,0.2654364797728886,0.2654364797728886,0.2654364797728886,9.567300473761401
majority_class,1,0.1,0.2,0,,,,,0.2654364797728886,0.2654364797728886,0.2654364797728886,9.567300473761401
majority_class,2,0.2,0.3,0,,,,,0.2654364797728886,0.2654364797728886,0.2654364797728886,9.567300473761401
majority_class,3,0.3,0.4,0,,,,,0.2654364797728886,0.2654364797728886,0.2654364797728886,9.567300473761401
majority_class,4,0.4,0.5,0,,,,,0.2654364797728886,0.2654364797728886,0.2654364797728886,9.567300473761401
majority_class,5,0.5,0.6,0,,,,,0.2654364797728886,0.2654364797728886,0.2654364797728886,9.567300473761401
majority_class,6,0.6,0.7,0,,,,,0.2654364797728886,0.2654364797728886,0.2654364797728886,9.567300473761401
majority_class,7,0.7,0.8,0,,,,,0.2654364797728886,0.2654364797728886,0.2654364797728886,9.567300473761401
majority_class,8,0.8,0.9,0,,,,,0.2654364797728886,0.2654364797728886,0.2654364797728886,9.567300473761401
majority_class,9,0.9,1.0,0,,,,,0.2654364797728886,0.2654364797728886,0.2654364797728886,9.567300473761401
logistic_regression,0,0.0,0.1,323,0.04264119313710853,0.01238390092879257,-0.030257292208315956,0.030257292208315956,0.15035269050667505,0.31710218664834516,0.16878091498854997,0.49692023001275093
logistic_regression,1,0.1,0.2,160,0.1459817056693474,0.0625,-0.0834817056693474,0.0834817056693474,0.15035269050667505,0.31710218664834516,0.16878091498854997,0.49692023001275093
logistic_regression,2,0.2,0.3,117,0.24690641212727843,0.1111111111111111,-0.13579530101616732,0.13579530101616732,0.15035269050667505,0.31710218664834516,0.16878091498854997,0.49692023001275093
logistic_regression,3,0.3,0.4,114,0.35453362066566135,0.20175438596491227,-0.15277923470074908,0.15277923470074908,0.15035269050667505,0.31710218664834516,0.16878091498854997,0.49692023001275093
logistic_regression,4,0.4,0.5,114,0.4532131756803573,0.2719298245614035,-0.18128335111895377,0.18128335111895377,0.15035269050667505,0.31710218664834516,0.16878091498854997,0.49692023001275093
logistic_regression,5,0.5,0.6,92,0.5474730517871267,0.31521739130434784,-0.23225566048277885,0.23225566048277885,0.15035269050667505,0.31710218664834516,0.16878091498854997,0.49692023001275093
logistic_regression,6,0.6,0.7,116,0.6533090832000693,0.33620689655172414,-0.31710218664834516,0.31710218664834516,0.15035269050667505,0.31710218664834516,0.16878091498854997,0.49692023001275093
logistic_regression,7,0.7,0.8,161,0.747782170150027,0.4658385093167702,-0.28194366083325684,0.28194366083325684,0.15035269050667505,0.31710218664834516,0.16878091498854997,0.49692023001275093
logistic_regression,8,0.8,0.9,187,0.8468562029098426,0.7005347593582888,-0.14632144355155385,0.14632144355155385,0.15035269050667505,0.31710218664834516,0.16878091498854997,0.49692023001275093
logistic_regression,9,0.9,1.0,25,0.9135665550906872,0.76,-0.15356655509068717,0.15356655509068717,0.15035269050667505,0.31710218664834516,0.16878091498854997,0.49692023001275093
random_forest,0,0.0,0.1,380,0.03711537439850919,0.031578947368421054,-0.005536427030088137,0.005536427030088137,0.08597687164258212,0.1825549221839206,0.14913665775196322,0.4524372253840466
random_forest,1,0.1,0.2,200,0.14590211784613977,0.1,-0.04590211784613976,0.04590211784613976,0.08597687164258212,0.1825549221839206,0.14913665775196322,0.4524372253840466
random_forest,2,0.2,0.3,144,0.2491889060001839,0.1388888888888889,-0.110300017111295,0.110300017111295,0.08597687164258212,0.1825549221839206,0.14913665775196322,0.4524372253840466
random_forest,3,0.3,0.4,116,0.34688850991681575,0.20689655172413793,-0.13999195819267782,0.13999195819267782,0.08597687164258212,0.1825549221839206,0.14913665775196322,0.4524372253840466
random_forest,4,0.4,0.5,110,0.4470734850686562,0.36363636363636365,-0.08343712143229254,0.08343712143229254,0.08597687164258212,0.1825549221839206,0.14913665775196322,0.4524372253840466
random_forest,5,0.5,0.6,114,0.5509759748154995,0.3684210526315789,-0.1825549221839206,0.1825549221839206,0.08597687164258212,0.1825549221839206,0.14913665775196322,0.4524372253840466
random_forest,6,0.6,0.7,113,0.6515571151860443,0.504424778761062,-0.14713233642498236,0.14713233642498236,0.08597687164258212,0.1825549221839206,0.14913665775196322,0.4524372253840466
random_forest,7,0.7,0.8,102,0.7468646839882456,0.5882352941176471,-0.1586293898705985,0.1586293898705985,0.08597687164258212,0.1825549221839206,0.14913665775196322,0.4524372253840466
random_forest,8,0.8,0.9,88,0.8489488465106131,0.7386363636363636,-0.11031248287424944,0.11031248287424944,0.08597687164258212,0.1825549221839206,0.14913665775196322,0.4524372253840466
random_forest,9,0.9,1.0,42,0.9340924268352983,0.8095238095238095,-0.12456861731148872,0.12456861731148872,0.08597687164258212,0.1825549221839206,0.14913665775196322,0.4524372253840466
