model,threshold,score_bin,bin_lower,bin_upper,rows,mean_predicted_probability,actual_positive_rate,predicted_positive_rate,true_positive,false_positive,false_negative,true_negative,errors,error_rate,false_positive_rate,false_negative_rate
majority_class,0.5,0,0.0,0.1,1409,0.0,0.2654364797728886,0.0,0,0,374,1035,374,0.2654364797728886,0.0,1.0
majority_class,0.5,1,0.1,0.2,0,,,,0,0,0,0,0,,,
majority_class,0.5,2,0.2,0.3,0,,,,0,0,0,0,0,,,
majority_class,0.5,3,0.3,0.4,0,,,,0,0,0,0,0,,,
majority_class,0.5,4,0.4,0.5,0,,,,0,0,0,0,0,,,
majority_class,0.5,5,0.5,0.6,0,,,,0,0,0,0,0,,,
majority_class,0.5,6,0.6,0.7,0,,,,0,0,0,0,0,,,
majority_class,0.5,7,0.7,0.8,0,,,,0,0,0,0,0,,,
majority_class,0.5,8,0.8,0.9,0,,,,0,0,0,0,0,,,
majority_class,0.5,9,0.9,1.0,0,,,,0,0,0,0,0,,,
logistic_regression,0.5,0,0.0,0.1,323,0.04264119313710853,0.01238390092879257,0.0,0,0,4,319,4,0.01238390092879257,0.0,1.0
logistic_regression,0.5,1,0.1,0.2,160,0.1459817056693474,0.0625,0.0,0,0,10,150,10,0.0625,0.0,1.0
logistic_regression,0.5,2,0.2,0.3,117,0.24690641212727843,0.1111111111111111,0.0,0,0,13,104,13,0.1111111111111111,0.0,1.0
logistic_regression,0.5,3,0.3,0.4,114,0.35453362066566135,0.20175438596491227,0.0,0,0,23,91,23,0.20175438596491227,0.0,1.0
logistic_regression,0.5,4,0.4,0.5,114,0.4532131756803573,0.2719298245614035,0.0,0,0,31,83,31,0.2719298245614035,0.0,1.0
logistic_regression,0.5,5,0.5,0.6,92,0.5474730517871267,0.31521739130434784,1.0,29,63,0,0,63,0.6847826086956522,1.0,0.0
logistic_regression,0.5,6,0.6,0.7,116,0.6533090832000693,0.33620689655172414,1.0,39,77,0,0,77,0.6637931034482759,1.0,0.0
logistic_regression,0.5,7,0.7,0.8,161,0.747782170150027,0.4658385093167702,1.0,75,86,0,0,86,0.5341614906832298,1.0,0.0
logistic_regression,0.5,8,0.8,0.9,187,0.8468562029098426,0.7005347593582888,1.0,131,56,0,0,56,0.2994652406417112,1.0,0.0
logistic_regression,0.5,9,0.9,1.0,25,0.9135665550906872,0.76,1.0,19,6,0,0,6,0.24,1.0,0.0
random_forest,0.5,0,0.0,0.1,380,0.03711537439850919,0.031578947368421054,0.0,0,0,12,368,12,0.031578947368421054,0.0,1.0
random_forest,0.5,1,0.1,0.2,200,0.1459021178461398,0.1,0.0,0,0,20,180,20,0.1,0.0,1.0
random_forest,0.5,2,0.2,0.3,144,0.2491889060001839,0.1388888888888889,0.0,0,0,20,124,20,0.1388888888888889,0.0,1.0
random_forest,0.5,3,0.3,0.4,116,0.34688850991681575,0.20689655172413793,0.0,0,0,24,92,24,0.20689655172413793,0.0,1.0
random_forest,0.5,4,0.4,0.5,110,0.4470734850686562,0.36363636363636365,0.0,0,0,40,70,40,0.36363636363636365,0.0,1.0
random_forest,0.5,5,0.5,0.6,114,0.5509759748154995,0.3684210526315789,1.0,42,72,0,0,72,0.631578947368421,1.0,0.0
random_forest,0.5,6,0.6,0.7,113,0.6515571151860443,0.504424778761062,1.0,57,56,0,0,56,0.49557522123893805,1.0,0.0
random_forest,0.5,7,0.7,0.8,102,0.7468646839882456,0.5882352941176471,1.0,60,42,0,0,42,0.4117647058823529,1.0,0.0
random_forest,0.5,8,0.8,0.9,88,0.8489488465106131,0.7386363636363636,1.0,65,23,0,0,23,0.26136363636363635,1.0,0.0
random_forest,0.5,9,0.9,1.0,42,0.9340924268352983,0.8095238095238095,1.0,34,8,0,0,8,0.19047619047619047,1.0,0.0
