model,threshold,rows,actual_positive_rate,predicted_positive_count,predicted_positive_rate,true_positive,false_positive,false_negative,true_negative,precision,recall,f1
majority_class,0.2,1409,0.2654364797728886,0,0.0,0,0,374,1035,0.0,0.0,0.0
majority_class,0.3,1409,0.2654364797728886,0,0.0,0,0,374,1035,0.0,0.0,0.0
majority_class,0.4,1409,0.2654364797728886,0,0.0,0,0,374,1035,0.0,0.0,0.0
majority_class,0.5,1409,0.2654364797728886,0,0.0,0,0,374,1035,0.0,0.0,0.0
majority_class,0.6,1409,0.2654364797728886,0,0.0,0,0,374,1035,0.0,0.0,0.0
majority_class,0.7,1409,0.2654364797728886,0,0.0,0,0,374,1035,0.0,0.0,0.0
logistic_regression,0.2,1409,0.2654364797728886,926,0.6572036905606813,360,566,14,469,0.38876889848812096,0.9625668449197861,0.5538461538461539
logistic_regression,0.3,1409,0.2654364797728886,809,0.57416607523066,347,462,27,573,0.4289245982694685,0.9278074866310161,0.5866441251056635
logistic_regression,0.4,1409,0.2654364797728886,695,0.49325762952448543,324,371,50,664,0.46618705035971225,0.8663101604278075,0.6061739943872778
logistic_regression,0.5,1409,0.2654364797728886,581,0.41234918381831087,293,288,81,747,0.504302925989673,0.7834224598930482,0.6136125654450262
logistic_regression,0.6,1409,0.2654364797728886,489,0.3470546486870121,264,225,110,810,0.5398773006134969,0.7058823529411765,0.6118192352259559
logistic_regression,0.7,1409,0.2654364797728886,373,0.26472675656493966,225,148,149,887,0.6032171581769437,0.6016042780748663,0.6024096385542169
random_forest,0.2,1409,0.2654364797728886,829,0.5883605393896381,342,487,32,548,0.41254523522316044,0.9144385026737968,0.5685785536159601
random_forest,0.3,1409,0.2654364797728886,685,0.48616039744499645,322,363,52,672,0.47007299270072994,0.8609625668449198,0.6081208687440982
random_forest,0.4,1409,0.2654364797728886,569,0.4038325053229241,298,271,76,764,0.523725834797891,0.7967914438502673,0.6320254506892895
random_forest,0.5,1409,0.2654364797728886,459,0.3257629524485451,258,201,116,834,0.5620915032679739,0.6898395721925134,0.6194477791116446
random_forest,0.6,1409,0.2654364797728886,345,0.24485450674237047,216,129,158,906,0.6260869565217392,0.5775401069518716,0.6008344923504868
random_forest,0.7,1409,0.2654364797728886,232,0.1646557842441448,159,73,215,962,0.6853448275862069,0.42513368983957217,0.5247524752475248
